BE252SV-01J,7.00
SA170,1.00
DCACLSC-250-BP,1.90
DCACLWDR-50-P,3.20
BP61GLP,4.90
BP61GLA,11.90
DK22205,21.00
DK11201,13.00
TZ211,13.80
TZ121,13.80
TZ721,15.30
TZE221,16.00
TZ621,15.00
TZE621,15.00
TZFA3,11.30
TZ131,15.50
TZ531,17.00
TZ431,16.50
TZFX231,18.20
TZE231,17.50
TZ631,17.50
TZN231,15.00
TZ141,18.80
TZE241,21.00
TZE251,24.00
TZ252,20.00
TZE651,24.00
TZ261,22.00
TZ661,22.00
PC75,25.00
PC70,23.00
PC201,28.00
PC301,25.00
PC74RF,51.00
TN8000,41.00
TN6300,77.00
TN6600,106.00
TN2085,47.00
TN2075,69.00
TN2090,33.00
TN2135,45.00
TN2175,64.00
TN2235,38.00
TN2275,50.00
TN04BK,195.00
TN230BK,75.00
TN135BK,85.00
TN130BK,61.00
TN7300,64.00
TN7600,145.00
TN3030,82.00
TN3060,104.00
TN3130,90.00
TN3170,121.00
TN3230,84.00
TN3280,137.00
TN4100,70.00
TN5500,130.00
TN300,23.50
TN320BK,64.00
TN325BK,74.00
TN230C,73.00
TN230M,73.00
TN230Y,73.00
TN135C,144.00
TN135M,144.00
TN135Y,144.00
TN130C,83.00
TN130M,83.00
TN130Y,83.00
TN320C,83.00
TN325C,152.00
TN320M,83.00
TN325M,152.00
TN320Y,83.00
TN325Y,152.00
TN04C,194.00
TN04M,155.00
TN04Y,155.00
LC700BK,26.00
LC700C,14.50
LC700M,14.50
LC700Y,14.50
LC600M,14.50
LC600Y,14.50
LC900BK,25.00
LC900C,14.00
LC900M,14.00
LC900Y,14.00
LC1000BK,23.00
LC1000C,13.50
LC1000M,13.50
LC1000Y,13.50
LC970BK,19.00
LC970C,12.00
LC970M,12.00
LC970Y,12.00
LC980BK,20.00
LC980C,11.50
LC980M,11.50
LC980Y,11.50
LC1100BK,22.50
LC1100C,12.50
LC1100M,12.50
LC1100Y,12.50
LC1100HYBK,30.00
LC1100HYC,15.60
LC1100HYM,15.60
LC1100HYY,15.60
LC985BK,18.10
LC985C,10.10
LC985M,10.10
LC985Y,10.10
LC1280XLBK,33.50
LC1280XLC,21.20
LC1280XLM,21.20
LC1280XLY,21.20
LC1240BK,24.30
LC1240C,15.50
LC1240M,15.50
LC1240Y,15.50
FP4CL,530.00
DR230CL,116.00
DR130CL,177.00
WT100CL,36.00
BU100CL,160.00
OP4CL,470.00
DR8000,200.00
DR6000,183.00
DR2085,70.00
DR2075,78.00
DR2175,73.00
DR2275,69.00
DR1200,244.00
DR7000,176.00
DR3000,178.00
DR3100,186.00
DR3200,159.00
DR100,86.00
DR5500,114.00
DR200,154.00
0775B003,11.00
2311B003,12.00
1686B015,9.20
1033A001,0.00
7981A005,14.00
2311B019,13.50
3766B002AA,137.00
1492A003,88.00
1491A003,150.00
4234A002,97.00
9629A002,63.50
9634A002,83.00
0279B002,112.00
0384B002,64.00
0386B002,46.00
0399B002AA,215.00
0452B002,64.50
0453B002,119.00
0454B002,119.00
0455B002,119.00
1872B002,120.00
1660B006,123.00
2789B002,89.00
2793B002,224.00
2797B002,224.00
2801B002,224.00
2790B002,74.50
2794B002,189.00
2798B002,189.00
2802B002,178.00
6647A002,56.00
2786B002AA,65.00
2785B002,52.00
3782B002AA,42.00
3783B002AA,173.00
3784B002AA,173.00
3785B002AA,173.00
6748A002,190.00
6836A002,58.00
1386A006,25.50
7814A002,29.50
F42-1401600,33.00
1372A005,46.50
1382A002,28.00
1385A001,108.00
1376A003,35.50
1153B002,119.00
0896A002,45.50
0884A002,39.50
1557A003,72.00
6812A002,167.00
7833A002,122.00
9247A007,14.70
9287A003,90.00
7616A005,60.00
0264B002,144.00
9424A004,77.00
0266B002,75.00
0917B002,137.00
0986B001,185.00
1660B002,129.00
1870B002,57.50
1871B002,69.50
1975B002,76.00
1976B002,140.00
1980B002,73.00
3479B002,78.00
3480B002,140.00
3484B002,67.00
3483B002,74.00
3500B002,76.50
1550A003,57.00
5773A004,66.00
8489A002,61.50
0263B002,62.00
9286A003,108.00
9285A003,108.00
9284A003,108.00
9423A004,81.00
9422A004,81.00
9421A004,81.00
1979B002,66.50
1978B002,66.50
1977B002,66.50
0617B008,26.50
F45-1501300,25.30
F45-1171300,100.00
F45-1191300,101.00
2146B005,19.50
0617B025,25.50
0618B025,35.00
2972B007,22.00
2971B007,28.00
0619B025,30.00
4557B001,14.00
4558B001,14.00
4559B001,14.00
4556B001,14.00
4560B001,15.50
2933B004,14.00
2934B004,14.00
2937B004,15.00
2935B004,14.00
2936B004,14.00
2145B005,17.00
0615B025,21.00
0616B025,33.00
2970B007,18.50
2969B007,22.50
4532B001,15.30
2932B004,15.50
2251B001,406.00
8191A002,40.50
8190A002,24.50
9818A002,31.00
0954A002,10.50
6882A009,33.00
6882A009A,27.50
6882A002,21.50
6881A009,16.00
6881A002,10.40
4480A262,35.50
4479A002,16.00
4480A002,11.00
4481A002,13.80
4482A002,13.60
F47-2581300,9.60
F47-2571300,9.60
4705A002,13.40
4706A002,13.40
9473A002,12.20
4707A002,14.00
4709A002,12.00
4710A002,14.00
8891A002,14.00
4708A002,14.00
F47-1771300,15.60
F47-1821300,12.80
F47-1811300,14.20
1511B001,18.00
0620B024,16.00
0621B024,16.00
0627B024,14.60
0622B024,16.00
0622B001,11.80
0624B024,17.00
0625B024,17.00
0626B024,14.60
0623B024,16.00
1509B001,10.20
0628B024,17.50
2444B001,16.00
2442B001,16.00
1035B001,14.00
1041B001,14.00
1042B001,14.00
1036B001,14.00
1033B001,14.00
1034B001,14.00
1038B001,14.00
1039B001,14.00
1040B001,14.00
1037B001,14.00
8372A001,170.00
0174B001,170.00
0891B001,67.50
0887B001,67.50
0889B001,67.50
0895B001,68.00
0896B001,68.00
0897B001,68.00
0894B001,68.00
0898B001,68.00
2212B001,67.50
3631B001,68.00
0385B002BA,162.00
0388B002AA,108.00
2101B002AA,181.00
6648A003AA,175.00
6837A003AA,81.00
1339A004AA,201.00
7815A003AB,134.00
9630A003BA,212.00
2772B003AA,300.00
1316A007AA,152.00
1331A006AA,142.00
1337A001AA,136.00
9623A003,207.00
S041303,15.00
C13S042201,30.00
C13S042202,23.00
C13S042157,7.10
C13S041822,15.00
C13S041826,42.00
C13S041729,7.90
C13S042200,42.00
C13S041765,8.00
C13S041943,9.90
C13S042156,8.50
C13S042158,8.00
C13S042199,59.00
C13S041875,10.30
C13S041944,14.00
C13S041123,43.50
C13S041079,29.60
C13S041344,40.80
C13S041261,37.50
C13S041142,21.00
S041073,42.00
S041125,26.00
C13S041068,43.00
C13S041315,22.00
C13S041334,25.00
C13S041340,37.00
S041561,41.00
C13S042110,57.00
C13S041264,29.50
S041074,49.00
S041133,26.00
C13S041133,26.00
C13S041069,40.30
C13S041316,21.00
C13S041785,68.00
C13S041328,25.00
C13S045051,62.00
C13S041637,51.00
C13S041352,26.00
C13S041342,14.40
C13S041749,8.00
C13S041215,5.60
C13S041569,15.50
C13S042178,10.20
C13S041154,13.80
C13S041256,11.30
C13S042159,8.00
C13S041106,10.60
C13S041287,14.10
C13S041624,27.00
C13S041332,14.00
C13S042208,14.00
C13S045050,26.00
C13S041927,12.30
C13S042176,6.50
C13S042095,33.00
C13S042111,83.00
C13S042091,39.00
C13S042123,21.00
C13S042093,39.00
C13S045006,90.00
C13S045052,57.00
C13S042096,117.00
C13S041617,196.00
C13S041619,360.00
C13S041385,35.00
C13S041387,59.00
C13S042138,76.00
C13S041725,34.00
C13S041595,59.00
C13S042135,130.00
C13S041598,79.00
C13S041597,89.00
C13S041614,121.00
C13S041616,193.00
C13S041389,180.00
S041132,46.00
C13S045083,118.00
C13S045084,220.00
C13S045085,320.00
C13S041892,27.00
C13S041893,48.00
C13S041895,86.00
S041102,33.00
C13S041845,41.00
C13S041846,80.00
C13S041847,107.00
C13S041848,192.00
C13S041390,55.00
C13S041392,98.00
C13S041742,45.00
C13S041638,73.00
C13S041640,125.00
C13S042132,130.00
C13S042079,46.00
C13S042081,84.00
C13S042083,127.00
C13S041393,56.00
C13S041395,96.00
C13S041743,43.00
C13S041641,70.00
C13S041643,124.00
C13S042133,130.00
C13S042149,48.00
C13S042150,73.00
C13S041295,31.00
C13S041220,61.00
C13S042004,105.00
C13S041746,37.00
C13S041853,51.00
C13S041855,76.00
C13S045007,148.00
C13S045008,209.00
C13S045055,93.00
C13S045053,260.00
C13S042141,430.00
C13S042012,32.00
C13S042013,88.00
C13S042014,105.00
C13S042016,160.00
C43S015366,4.20
ERC31B,4.90
C43S015374,4.30
C43S015244,5.50
C43S015376,4.60
C13S020452,62.00
C13S020447,62.00
C13S020448,62.00
C13S020449,62.00
C13S020450,62.00
C13S020451,62.00
C33S020403,25.30
C33S020404,20.50
S051056,166.00
C13S051022,290.00
S051016,148.00
C13S051165,103.50
C13S051161,207.00
C13S051127,173.00
S050019,97.00
S050010,111.00
C13S050087,115.00
C13S050166,90.00
C13S050167,63.00
C13S051111,161.00
C13S051100,167.00
���11,122.00
S051011,197.00
C13S051068,260.00
C13S050229,65.00
C13S050033,62.00
C13S050190,66.00
C13S050557,98.00
C13S050213,31.00
C13S050091,41.00
C13S050149,32.00
C13S050245,63.00
C13S050038,83.00
C13S050100,48.00
C13S050198,40.80
C13S050319,71.80
C13S050520,86.00
C13S050436,123.00
C13S050435,184.00
C13S050583,118.00
C13S050290,199.00
C13S050289,197.00
C13S050228,150.00
C13S050227,150.00
C13S050226,150.00
C13S050036,144.00
C13S050035,144.00
C13S050034,144.00
C13S050268,243.00
C13S050189,120.00
C13S050188,120.00
C13S050187,120.00
C13S050560,96.00
C13S050556,125.00
C13S050559,96.00
C13S050555,125.00
C13S050558,96.00
C13S050554,125.00
C13S051164,86.00
C13S051160,190.00
C13S051163,86.00
C13S051159,190.00
C13S051162,86.00
C13S051158,190.00
C13S050212,101.00
C13S050211,101.00
C13S050210,101.00
C13S051126,240.00
C13S051125,240.00
C13S051124,240.00
C13S050090,189.00
C13S050089,189.00
C13S050088,189.00
C13S050146,238.00
C13S050147,238.00
C13S050148,238.00
C13S050244,195.00
C13S050243,195.00
C13S050242,195.00
C13S050041,140.00
C13S050040,140.00
C13S050039,140.00
C13S051110,240.00
C13S050099,140.00
C13S050098,140.00
C13S050097,140.00
C13S050197,244.20
C13S050196,244.20
C13S050195,244.20
C13S050318,139.50
C13S050317,139.50
C13S050316,139.50
S050018,156.00
S050017,157.00
S050016,156.00
C13S015055BA,12.50
C13S015384,13.00
C13S015384BA,13.00
C13S015086BA,12.50
C13S015327BA,9.90
C13S015022BA,2.50
C13S015336,16.20
C13S015020BA,2.10
C13S015329BA,6.20
C13S015307BA,4.20
C13S015610BA,34.00
C13S015019BA,1.90
C13S015614BA,3.80
C13S015339BA,15.80
C13T573040,27.95
C13T58464010,30.00
C13T557040BD,27.60
C13T616100,38.00
C13T616200,44.50
C13T616300,44.50
C13T616400,44.50
C13T618100,62.00
C13T617100,42.00
C13T617200,55.00
C13T617300,55.00
C13T617400,55.00
C13T12814010,9.50
C13T12854010,27.90
C13T12824010,9.50
C13T12834010,9.50
C13T12844010,9.50
C13T12914010,12.50
C13T12954010,44.50
C13T12924010,12.50
C13T12934010,12.50
C13T12944010,12.50
C13T13014010,22.00
C13T13024010,13.50
C13T13034010,13.50
C13T13044010,13.50
C13T10414A10,22.40
C13T03614010,15.20
C13T03704010,19.20
C13T03814A10,9.25
C13T03904A10,15.55
C13T06614010,8.00
C13T06704010,14.40
C13T02840110,30.10
C13T02940110,25.50
C13T04014010,29.60
C13T04104010,24.50
C13T04614A10,13.40
C13T04624A10,32.00
C13T04724A10,8.50
C13T04734A10,8.50
C13T04744A10,8.50
C13T06314A10,8.40
C13T06354A10,28.60
C13T06324A10,8.40
C13T06334A10,8.40
C13T06344A10,8.40
C13T03214210,49.80
C13T03224010,13.80
C13T03234010,13.80
C13T03244010,13.80
C13T10514A10,9.20
C13T10554A10,30.30
C13T10524A10,9.20
C13T10534A10,9.20
C13T10544A10,9.20
C13T04224010,14.00
C13T04234010,14.00
C13T04244010,14.00
C13T04414010,19.30
C13T04314010,30.00
C13T04324010,59.10
C13T04424010,11.80
C13T04434010,11.80
C13T04444010,11.80
C13T10814A10,9.40
C13T10854A10,31.90
C13T09224A10,9.40
C13T10824A10,9.40
C13T09234A10,9.40
C13T10834A10,9.40
C13T09244A10,9.40
C13T10844A10,9.40
C13S020130,55.20
C13S020126,55.20
C13S020118,55.20
C13S020122,55.20
C13T05204010,24.75
C13T05014210,34.65
C13T01340210,24.60
C13T01440110,19.20
T014401,19.20
C13T01740210,47.00
C13T01840110,22.90
C13T05114210,40.75
C13T01940210,45.90
C13T02040110,23.60
C13T00301210,43.10
C13T00501110,34.00
C13T00101110,23.00
C13T00940110,22.30
C13T00940210,40.10
T015401,29.60
C13T01640110,36.00
C13T03414010,13.00
C13T03424010,16.00
C13T03474010,16.00
C13T03454010,16.00
C13T03464010,16.00
C13T03434010,16.00
C13T03484010,13.00
C13T03444010,16.00
C13T02640110,25.50
C13T02740110,19.90
C13T02740310,34.50
C13T00840110,17.20
C13T00840310,29.60
C13T00740210,33.70
C13T03314010,12.10
C13T03324010,12.80
C13T03354010,12.80
C13T03364010,12.80
C13T03334010,12.80
C13T03344010,12.80
C13T08014010,11.70
C13T079A4A10,62.00
C13T08024010,11.70
C13T08054010,11.70
C13T08064010,11.70
C13T08034010,11.70
C13T08044010,11.70
C13T08724010,14.50
C13T08704010,12.00
C13T08734010,14.50
C13T08784010,14.50
C13T08794010,14.50
C13T08714010,14.50
C13T08774010,14.50
C13T08744010,14.50
C13T04874010,50.50
C13T048C4010,30.10
C13T048B4010,30.10
C13T04824010,12.60
C13T04854010,12.60
C13T04864010,12.60
C13T04834010,12.60
C13T04844010,12.60
C13T04814010,12.60
C13T05514010,9.00
C13T05564010,31.50
C13T05524010,9.00
C13T05534010,9.00
C13T05544010,9.00
C13T05924010,16.50
C13T05974010,16.50
C13T05954010,16.50
C13T05994010,16.50
C13T05964010,16.50
C13T05934010,16.50
C13T05984010,16.50
C13T05914010,16.50
C13T05944010,16.50
C13T11214A10,10.50
C13T11224A10,10.50
C13T08224A,10.50
C13T11254A10,10.50
C13T11264A10,10.50
C13T08264A,10.50
C13T08234A,10.50
C13T11234A10,10.50
C13T11244A10,10.50
C13T08244A,10.50
C13T11114A10,14.20
C13T11124A10,14.20
C13T11154A10,14.20
C13T11164A10,14.20
C13T11134A10,14.20
C13T08134A,14.20
C13T11144A10,14.20
C13T11174A10,59.80
C13T09624010,15.80
C13T09674010,15.80
C13T09654010,15.80
C13T09694010,15.80
C13T09684010,15.80
C13T09614010,15.80
C13T09664010,15.80
C13T09634010,15.80
C13T09644010,15.80
C13T05494010,19.00
C13T05424010,19.00
C13T05404010,10.50
C13T05434010,19.00
C13T05484010,19.00
C13T05414010,19.00
C13T05474010,19.00
C13T05444010,19.00
C13T55914010,14.20
C13T55974010,57.95
C13T559240,14.00
C13T55924010,14.00
C13T55954010,14.00
C13T55964010,14.00
C13T559340,14.00
C13T55934010,14.00
C13T55944010,14.00
C13T05304010,19.00
C13T10334A10,13.60
C13T10344A10,13.60
C13T10324A10,13.60
C13T10314A10,20.30
C13T67314A,12.50
C13T67324A,12.50
C13T67354A,12.50
C13T67364A,12.50
C13T67334A,12.50
C13T67344A,12.50
T512011,163.10
C13T549100,149.00
C13T549200,149.00
C13T549500,149.00
C13T549600,149.00
C13T549300,149.00
C13T549800,149.00
C13T549400,149.00
C13T591200,218.00
C13T591700,218.00
C13T591500,218.00
C13T591900,218.00
C13T591800,218.00
C13T591100,218.00
C13T591600,218.00
C13T591300,218.00
C13T591400,218.00
C13T580200,61.00
C13T580700,61.00
C13T580500,61.00
C13T580900,61.00
C13T580600,61.00
C13T580300,61.00
C13T580800,61.00
C13T580100,61.00
C13T580400,61.00
C13T580B00,61.00
C13T580A00,61.00
C13T543800,40.80
C13T544800,64.30
C13T543200,40.80
C13T543300,40.80
C13T543400,40.80
C13T544200,64.30
C13T544300,64.30
C13T544400,64.30
C13T543100,40.80
C13T543700,40.80
C13T543500,40.80
C13T543600,40.80
C13T544100,64.30
C13T544700,64.30
C13T544500,64.30
C13T544600,64.30
C13T613200,38.70
C13T614200,61.00
C13T613300,38.70
C13T614300,61.00
C13T613800,38.70
C13T614800,61.00
C13T613400,38.70
C13T614400,61.00
C13T605C00,38.60
C13T606C00,63.10
C13T605B00,37.50
C13T606B00,63.10
C13T605200,37.50
C13T606200,63.10
C13T605700,37.50
C13T606700,63.10
C13T605500,37.50
C13T606500,63.10
C13T605900,37.50
C13T606900,63.10
C13T605100,37.50
C13T606100,63.10
C13T605400,37.50
C13T606400,63.10
C13T605600,37.50
C13T606600,63.10
C13T605300,37.50
C13T606300,63.10
C13T653200,62.50
C13T653B00,62.50
C13T653700,62.50
C13T653500,62.50
C13T653900,62.50
C13T653800,62.50
C13T653A00,62.50
C13T653100,62.50
C13T653600,62.50
C13T653300,62.50
C13T653400,62.50
S020147,42.30
C13S020147,59.00
C13S020143,59.00
S020143,42.30
T486011,51.90
T489011,59.00
T488011,59.00
T487011,59.00
T460011,40.00
C13T612800,61.00
C13T612200,61.00
C13T612300,61.00
C13T612400,61.00
T480011,43.50
T483011,43.50
C13T483011,57.00
C13T485011,57.00
C13T484011,57.00
T482011,43.50
T481011,43.50
C13T481011,57.00
C13T603200,61.00
C13T603700,61.00
C13T603500,61.00
C13T603900,61.00
C13T603100,61.00
C13T603400,61.00
C13T603C00,61.00
C13T603B00,61.00
C13T603600,61.00
C13T603300,61.00
C13T596200,105.00
C13T636200,203.00
C13T596B00,105.00
C13T636B00,203.00
C13T596700,105.00
C13T636700,203.00
C13T596500,105.00
C13T636500,203.00
C13T596900,105.00
C13T636900,203.00
C13T596800,105.00
C13T636800,203.00
C13T596A00,105.00
C13T636A00,203.00
C13T596100,105.00
C13T636100,203.00
C13T596600,105.00
C13T636600,203.00
C13T596300,105.00
C13T636300,203.00
C13T596400,105.00
C13T636400,203.00
C13T407011,68.00
C13T410011,68.00
C13T412011,68.00
C13T411011,68.00
C13T409011,68.00
C13T408011,68.00
T474011,83.40
T477011,83.30
T479011,83.40
C13T478011,85.40
T476011,83.40
T475011,83.40
C13T624200,200.00
C13T624700,200.00
C13T624500,200.00
C13T624600,200.00
C13T624300,200.00
C13T624800,200.00
C13T624100,200.00
C13T624400,200.00
C13S052003,44.00
S052002,115.00
C13S053018,196.00
C13S053025,129.00
C13S053012,125.00
C13S053007,135.00
C13S053021,134.00
C13S053023,176.00
C13S053017BA,250.00
C12C890501,15.40
C13T582000,24.50
C13S051072,100.00
C13S051107,84.00
C13S051104,193.00
C13S051198,124.00
C13S051093,250.00
C13S051081,326.00
C13S051109,285.00
C13S051082,341.00
C13S051083,86.00
C13S051105,150.00
C13S051055,78.00
C13S051099,68.00
C13S053022,41.00
C13S053024,135.00
C13S053006,36.00
C13S053009,265.00
C13S050233,16.50
C13S050101,9.00
C13S050194,23.60
C13S051199,190.00
C13T619000,16.00
C12C890191,22.50
C13T619100,0.00
C13T623000,50.00
SDX1CLN,27.00
SDX3100CN,52.00
SDX4200CN,64.00
SDX4CLN,47.00
Q1999A,58.00
C8015A,33.00
C5142A,48.00
C7982A,81.00
C7971A,47.00
C7972A,47.00
C7973A,49.00
C7974A,85.00
C7978A,99.00
92290F,46.00
88147J,49.00
C1821A,10.50
CG970A,14.50
Q8692A,10.20
Q8691A,5.50
Q8008A,7.50
Q5441A,7.00
Q8032A,10.50
Q1991A,6.00
Q1992A,7.80
Q8028A,9.00
CR677A,8.00
CR695A,11.50
Q6594A,24.60
Q5461A,45.50
Q8698A,18.30
Q2510A,12.00
Q5451A,5.40
C6050A,15.50
Q6542A,17.50
CG965A,19.50
CG964A,20.00
Q6544A,12.00
Q6550A,16.50
Q1298B,45.00
C7040A,18.50
Q1786A,28.50
C6832HF,12.20
C6951A,13.00
CR673A,13.00
Q6593A,19.50
CG966A,18.00
CG969A,37.50
Q5456A,11.50
C6035A,18.00
C6036A,26.00
C6019B,28.00
Q1404A,23.00
Q1405A,29.50
Q1406A,36.00
C6567B,49.00
C6568B,58.50
C6029C,39.50
C6030C,43.00
Q1426A,55.50
Q1427A,84.00
Q1428A,98.00
C3869A,38.00
C3868A,62.50
Q7990A,44.00
Q1420A,60.00
Q1423A,130.00
Q6628A,78.00
Q1396A,14.50
Q1397A,17.50
Q1398A,19.00
CG889A,9.00
CG890A,13.50
CG891A,15.50
C3876A,138.00
51642A,140.00
C6775A,99.00
C3875A,181.00
51642B,208.00
CC530A,119.00
CE250A,122.00
CE250X,172.00
CE264X,189.00
CB390A,56.00
CB540A,67.50
CE320A,63.50
CB400A,155.00
CE260A,144.00
CE260X,224.00
CE740A,135.00
CE270A,214.00
C9700A,79.00
Q6000A,71.50
Q3960A,77.00
Q7560A,121.00
Q2670A,134.00
Q6470A,128.00
C4191A,97.00
C9720A,151.00
Q5950A,169.00
Q6460A,137.00
C9730A,214.00
C8550A,152.00
Q2612A,66.00
Q2612AD,123.00
C4092A,57.00
Q2624A,67.00
Q5949A,67.50
C7115A,59.50
C7115X,71.00
Q2613X,84.00
Q2613A,68.50
Q5949X,123.00
Q5949XD,227.00
C4096A,97.00
Q2610A,115.00
Q2610D,219.00
Q6511A,119.00
Q6511X,201.00
Q6511XD,356.00
92298A,170.00
C4127A,97.00
C4127X,125.00
C8061A,99.00
C8061X,124.00
Q1338A,148.00
Q5942XD,389.00
Q5942A,144.00
Q5942X,214.00
Q1339A,197.00
Q5945A,195.00
C4129X,159.00
Q7516A,177.00
C3906A,64.50
C3903A,88.00
C3909A,188.00
C4182X,181.00
C8543X,264.00
CE310A,49.00
CE390A,159.00
CE390X,262.00
Q7570A,170.00
CB435A,58.50
CB435AD,106.00
CE285A,61.50
CB436A,67.00
CB436AD,123.00
CE278A,69.00
Q7553A,76.50
Q7553X,143.00
Q7553XD,255.00
CE505A,76.50
CE505X,140.00
CE505XD,259.00
Q7551A,122.00
Q7551X,206.00
Q7551XD,366.00
CE255A,129.00
CE255X,194.00
CE255XD,364.00
CC364A,149.00
CC364X,261.00
CC364XD,492.00
CC531A,107.00
CC533A,107.00
CC532A,107.00
CE251A,230.00
CE253A,230.00
CE252A,230.00
CF031A,233.00
CF033A,233.00
CF032A,233.00
CB381A,294.00
CB383A,294.00
CB382A,294.00
CB541A,63.00
CB543A,63.00
CB542A,63.00
CB401A,230.00
CB403A,230.00
CB402A,230.00
CE261A,250.00
CE263A,250.00
CE262A,250.00
CE741A,245.00
CE743A,245.00
CE742A,245.00
CE271A,355.00
CE273A,355.00
CE272A,355.00
C9701A,95.00
C9703A,95.00
C9702A,95.00
Q6001A,76.50
Q6003A,76.50
Q6002A,76.50
Q3971A,71.00
Q3961A,90.50
Q3973A,71.00
Q3963A,90.50
Q3972A,71.00
Q3962A,90.50
Q7561A,118.00
Q7563A,118.00
Q7562A,118.00
Q2671A,119.00
Q2673A,119.00
Q2672A,119.00
Q6471A,128.00
Q6473A,128.00
Q6472A,128.00
Q2681A,163.00
Q2683A,163.00
Q2682A,163.00
Q7581A,164.00
Q7583A,164.00
Q7582A,164.00
C4192A,125.00
C4193A,125.00
C4194A,125.00
C9721A,203.00
C9723A,203.00
C9722A,203.00
Q5951A,241.00
Q5953A,241.00
Q5952A,241.00
Q6461A,286.00
Q6463A,286.00
Q6462A,286.00
C9731A,298.00
C9733A,298.00
C9732A,298.00
C8551A,310.00
C8553A,310.00
C8552A,310.00
CE311A,53.00
CE313A,53.00
CE312A,53.00
CE321A,62.00
CE323A,62.00
CE322A,62.00
C1807A,159.00
C1808A,159.00
C1809A,159.00
51604A,12.00
CD951A,68.00
C4844A,30.30
C9368AE,22.60
C9365AE,23.50
C9360AE,27.50
C4836A,30.50
C4837A,30.50
C4838A,30.50
CB304AE,18.50
CC640HE,14.20
CC636HE,10.60
CC643HE,17.00
CC641HE,30.50
CC644HE,34.50
CH561HE,9.40
CH562HE,10.80
CH563HE,27.50
CH564HE,27.50
C9364HE,18.50
C4814A,22.60
C4815A,22.60
C4816A,22.60
C4817A,22.60
C9504HE,52.50
C8767HE,29.30
CB331HE,35.50
C8765HE,20.00
C9362HE,14.50
C9505HE,56.50
C9363HE,33.50
CB332HE,40.00
C8766HE,23.50
C9361HE,18.00
C9369HE,24.50
C5011DE,21.00
C5010DE,27.00
CB335HE,15.50
CB336HE,31.50
CB337HE,18.20
CB338HE,35.50
C6615DE,27.60
C6625A,29.50
C8719HE,28.00
C8721HE,14.30
C8771HE,9.80
C8774HE,9.80
C8775HE,9.80
C8772HE,9.80
C8773HE,9.80
CB316HE,10.70
CB318HE,9.00
CB319HE,9.00
CB317HE,9.00
CB320HE,9.00
CN684HE,21.00
CB323HE,17.20
CB324HE,17.20
CB325HE,17.20
CB322HE,19.50
C6614DE,29.00
C9351AE,13.80
C9351BE,8.80
C9351CE,22.50
C9352AE,15.60
C9352CE,25.50
C1823D,35.00
51625AE,32.50
51626AE,29.00
C8727AE,17.20
C8727BE,11.70
C8728AE,19.80
51629AE,29.50
51633ME,29.50
C9415A,28.50
C9418A,28.50
C9414A,28.50
C9419A,28.50
C9416A,28.50
C9412A,28.50
C9413A,28.50
C9417A,28.50
51640AE,28.00
51640CE,33.50
51640ME,33.50
51640YE,33.50
51641AE,31.50
51644CE,34.00
51644ME,34.00
51644YE,34.00
51645AE,28.50
51649AE,31.00
C6656GE,14.00
C9502AE,31.00
C6656AE,18.00
C6656BE,12.00
C9503AE,51.50
C6657AE,30.50
C6657GE,16.00
C6658AE,22.50
C9359AE,23.00
C6578D,30.50
C6578DE,30.50
C6578AE,56.00
C9385AE,18.30
C9396AE,30.80
C9386AE,13.60
C9391AE,21.20
C9392AE,21.50
C9393AE,21.20
C9387AE,13.60
C9388AE,13.60
CC653AE,13.00
CC656AE,20.00
CC654AE,26.00
CD971AE,15.00
CD975AE,24.20
CD972AE,11.00
CD973AE,11.00
CD974AE,11.00
C4907AE,17.50
C4908AE,17.50
C4909AE,17.50
C4906AE,27.50
CB334AE,28.00
C4841A,30.60
C4843A,30.60
C4842A,30.60
C6578A,56.00
Q8700AE,31.00
Q7935HE,26.00
C4802A,33.00
C4803A,33.00
C4921AE,31.30
C9381A,47.50
C9382A,47.50
C4900A,48.50
C4901A,48.50
C4800A,32.50
C4810A,32.60
CB302A,115.00
CB301A,57.00
CB294A,115.00
C5096A,19.00
C5001A,300.00
C5002A,300.00
C5003A,300.00
C5080A,210.00
C5081A,210.00
C9452A,68.00
C9451A,68.00
C9455A,68.00
C9453A,68.00
C9448A,68.00
C9449A,68.00
C9454A,68.00
C9458A,68.00
C9459A,68.00
C9457A,68.00
C9450A,68.00
C9456A,68.00
C9390A,68.00
C9398A,42.00
C9401A,42.00
C9399A,42.00
C9397A,42.00
C9400A,42.00
C9403A,61.50
C9371A,59.00
C9374A,59.00
C9372A,59.00
C9370A,59.00
C9373A,59.00
CB286A,109.00
CB272A,200.00
CB273A,200.00
CB271A,200.00
C4871A,125.00
C4872A,78.00
C4846A,125.00
C4874A,78.00
C4847A,125.00
C4873A,78.00
C4848A,125.00
C4931A,197.00
C4934A,197.00
C4935A,197.00
C4932A,197.00
C4933A,197.00
C4930A,197.00
C4911A,34.50
C4912A,34.50
C4913A,34.50
CH565A,39.00
C4940A,256.00
C4941A,243.00
C4944A,243.00
C4945A,243.00
C4942A,219.00
C4943A,243.00
C5017A,35.00
C5018A,35.70
C5016A,35.60
C9425A,31.00
C9428A,36.80
C9429A,36.80
C9426A,31.00
C9427A,36.80
C9432A,80.00
C9433A,89.00
C5059A,252.00
C5060A,134.00
C5061A,169.00
C5062A,134.00
C5063A,169.00
C5085A,363.00
C5064A,134.00
C5065A,169.00
C9467A,243.00
C9464A,243.00
C9465A,243.00
C9470A,243.00
C9466A,243.00
C9471A,243.00
C9469A,243.00
CH621A,0.00
C4811A,32.60
C4812A,33.60
C4813A,32.60
C9405A,58.00
C9406A,58.00
C9404A,58.00
C9409A,58.00
C9407A,58.00
C9380A,62.00
C9383A,62.00
C9384A,62.00
CH612A,131.00
CH613A,0.00
CH614A,0.00
C4821A,141.00
C4822A,141.00
C4823A,141.00
C4951A,137.00
C4954A,137.00
C4955A,137.00
C4952A,137.00
C4953A,137.00
C4961A,132.00
C4965A,132.00
C4962A,132.00
C4963A,132.00
C4964A,132.00
C5020A,33.00
C5021A,33.00
C9420A,31.50
C9423A,31.50
C9424A,31.50
C9421A,31.50
C9422A,31.50
C5055A,137.00
C5056A,137.00
C5057A,137.00
C9462A,142.00
C9460A,142.00
C9463A,142.00
C4820A,129.00
C4950A,137.00
C4960A,143.00
C5019A,33.00
C5054A,137.00
Q3985A,240.00
C4195A,95.00
CB458A,178.00
Q3656A,100.00
C4198A,282.00
Q3677A,325.00
C9736A,277.00
C8556A,288.00
CE247A,303.00
CE249A,255.00
CB463A,258.00
CE265A,21.00
C9518A,105.00
Q5999A,360.00
Q7833A,390.00
CB389A,454.00
Q5422A,450.00
C3915A,460.00
C9153A,514.00
C8560A,323.00
CB384A,124.00
CB385A,263.00
CB387A,263.00
CB386A,263.00
CE314A,85.00
Q3964A,188.00
C8561A,466.00
C8563A,464.00
C8562A,466.00
Q3658A,104.00
C4196A,233.00
Q3675A,245.00
C9734B,190.00
C9704A,187.00
Q7504A,227.00
Q7503A,286.00
CE732A,326.00
23R7008,0.00
95P4278,425.00
46C2084,691.00
DQ-Z60J-PU,27.00
DQ-TU10J-PB,45.00
DQ-TUJ5K-PK,32.00
KX-FA76A7,27.70
KX-FA83A7,29.80
KX-FA85A7,62.90
KX-FAT411A7,27.70
KX-FAT88A7,28.70
KX-FAT92A7,29.80
FTP210,1.50
KX-FA52A7,22.00
KX-FA54A7,22.00
KX-FA55A7,24.10
KX-FA57A7,18.00
DQ-M18J12-PU,115.00
DQ-M18J6-PU,135.00
DQ-H60J-PU,41.00
DQ-HJ60K-PK,41.00
KX-FA78A7,75.20
KX-FA84A7,86.60
KX-FA86A7,89.70
KX-FAD412A7,85.50
KX-FAD89A7,89.60
KX-FAD93A7,89.70
ML-1210D3/XEV,67.50
CLP-K300A/ELS,50.50
CLT-K409S/SEE,45.00
CLP-K350A/ELS,78.50
CLP-500D7K/ELS,103.00
CLP-510D3K/ELS,65.50
CLP-510D7K/ELS,110.00
CLP-K600A/ELS,82.00
CLP-K660A/ELS,70.00
ML-6060D6/ELS,100.00
ML-1710D3/XEV,75.00
ML-1520D3/XEV,69.00
ML-1610D2/ELS,64.00
ML-D1630A/ELS,69.50
MLT-D108S/SEE,51.00
MLT-P108A/SEE,94.00
MLT-D1043S/XEV,53.00
MLT-D105L/SEE,71.50
MLT-D105S/SEE,51.00
ML-2010D3/ELS,77.00
ML-2150D8/ELS,130.00
ML-2250D5/ELS,105.00
ML-2550DA/ELS,160.00
ML-D2850A/ELS,62.50
ML-D2850B/ELS,115.00
ML-D3050A/ELS,100.00
ML-D3050B/ELS,130.00
ML-D3470A/ELS,94.00
ML-D3470B/ELS,166.00
ML-3560D6/ELS,131.00
ML-4500D3/ELS,70.00
ML-D4550A/ELS,158.00
ML-D4550B/ELS,220.00
MLT-D104S/SEE,52.00
MLT-D104X/SEE,38.50
SCX-4216D3/XEV,76.50
SCX-4100D3/XEV,78.50
SCX-D4200A/ELS,77.00
MLT-D109S/SEE,65.00
SCX-4521D3/ELS,75.50
SCX-4720D3/ELS,76.00
SCX-4720D5/ELS,126.00
SCX-D4725A/ELS,72.50
MLT-D103L/SEE,0.00
MLT-D209L/SEE,114.00
MLT-D209S/SEE,60.00
MLT-D205L/SEE,124.00
MLT-D205S/SEE,68.00
SCX-5312D6/ELS,74.00
SCX-D5530A/ELS,92.50
SCX-D5530B/ELS,147.00
MLT-D208L/SEE,130.00
MLT-D208S/SEE,85.00
MLT-D205E/SEE,184.00
SCX-6320D8/ELS,79.00
SCX-D6345A/ELS,98.00
SCX-D6555A/SEE,74.00
CLP-K660B/ELS,125.00
CLP-C300A/ELS,39.50
CLP-M300A/ELS,39.50
CLP-Y300A/ELS,39.50
CLP-P300C/ELS,151.00
CLT-C409S/SEE,38.50
CLT-M409S/SEE,38.50
CLT-Y409S/SEE,38.50
CLT-P409C/SEE,146.00
CLT-C407S/SEE,43.50
CLT-K407S/SEE,47.00
CLT-Y407S/SEE,43.50
CLT-M407S/SEE,43.50
CLP-C350A/ELS,54.00
CLP-M350A/ELS,54.00
CLP-Y350A/ELS,54.00
CLP-500D5C/ELS,119.00
CLP-500D5M/ELS,119.00
CLP-500D5Y/ELS,119.00
CLP-510D2C/ELS,65.50
CLP-510D5C/ELS,117.00
CLP-510D5M/ELS,117.00
CLP-510D2M/ELS,65.50
CLP-510D2Y/ELS,71.00
CLP-510D5Y/ELS,117.00
CLP-C600A/ELS,118.00
CLP-M600A/ELS,118.00
CLP-Y600A/ELS,118.00
CLP-C660A/ELS,81.00
CLP-C660B/ELS,134.00
CLP-M660A/ELS,81.00
CLP-M660B/ELS,134.00
CLP-Y660A/ELS,81.00
CLP-Y660B/ELS,134.00
CLT-K508L/SEE,115.00
CLT-K508S/SEE,68.50
CLT-C508L/SEE,137.00
CLT-C508S/SEE,85.00
CLT-M508L/SEE,137.00
CLT-M508S/SEE,85.00
CLT-Y508L/SEE,137.00
CLT-Y508S/SEE,85.00
CLP-R350A/SEE,157.00
CLT-R409/SEE,115.00
CLT-R407/SEE,135.00
CLP-500RB/SEE,192.00
CLP-510RB/SEE,182.00
SCX-5315R2/ELS,78.00
SCX-6320R2/ELS,75.00
SCX-R6345A/ELS,184.00
SCX-R6555A/SEE,159.00
CLP-500RT/SEE,162.00
CLP-510RT/SEE,150.00
CLT-W409/SEE,10.30
CLP-500WB/SEE,15.50
006R90169,28.00
006R90270,46.10
006R01020,48.00
113R00667,82.00
013R00621,101.00
013R00625,79.00
113R00247,256.00
113R00443,257.00
113R00446,248.00
113R00195,366.00
106R00442,133.00
013R00607,79.00
013R00606,123.00
106R01378,79.00
106R01379,120.00
109R00639,89.00
109R00748,79.00
106R01159,79.00
109R00725,94.00
108R00908,60.00
108R00909,73.00
109R00746,111.00
109R00747,128.00
113R00735,94.00
113R00730,110.00
106R01373,89.00
106R01374,104.00
106R01411,107.00
106R01412,151.00
106R00646,93.20
106R00462,205.00
106R01033,114.00
106R01034,156.00
106R01245,129.00
106R01246,159.00
106R01414,104.00
106R01415,171.00
106R00687,131.00
106R00688,227.00
106R01148,160.00
106R01149,238.00
106R01370,137.00
106R01371,195.00
108R00794,110.00
108R00796,151.00
113R00656,170.00
113R00657,290.00
113R00711,168.00
113R00712,234.00
113R00737,150.00
113R00495,275.00
113R00668,137.00
106R01294,134.00
106R01529,120.00
106R01531,182.00
106R01485,75.50
106R01487,101.00
106R01460,30.50
006R01044,40.00
106R01277,31.50
106R00586,104.00
106R01048,95.00
106R01534,140.00
106R01536,183.00
006R01278,110.00
006R01276,130.00
006R01179,49.00
108R00939,85.40
108R00940,128.00
108R00936,128.00
108R00937,128.00
108R00938,128.00
108R00961,274.50
108R00958,91.50
108R00959,91.50
108R00960,91.50
108R00604,76.00
108R00605,128.00
108R00606,128.00
108R00607,128.00
108R00672,101.00
108R00669,100.00
108R00670,100.00
108R00671,100.00
108R00767,63.00
108R00768,97.00
108R00764,97.00
108R00765,97.00
108R00766,97.00
108R00820,222.00
108R00817,74.00
108R00818,74.00
108R00819,74.00
106R01476,93.00
106R01463,102.00
106R01473,129.00
106R01464,102.00
106R01474,129.00
106R01465,102.00
106R01475,129.00
106R01634,74.00
106R01631,49.00
106R01632,49.00
106R01633,49.00
106R00684,119.00
106R00680,153.00
106R00681,153.00
106R00682,153.00
106R01203,58.00
106R01206,43.00
106R01205,43.00
106R01204,43.00
113R00692,103.00
113R00689,83.00
113R00693,165.00
113R00691,83.00
113R00695,165.00
113R00690,83.00
113R00694,165.00
106R01338,76.00
106R01335,39.00
106R01336,39.00
106R01337,39.00
106R01459,97.00
106R01456,107.00
106R01457,107.00
106R01458,107.00
106R01285,80.00
106R01282,84.00
106R01283,84.00
106R01284,84.00
106R01484,79.00
106R01481,79.00
106R01482,79.00
106R01483,79.00
113R00722,101.00
113R00726,215.00
113R00719,101.00
113R00723,215.00
113R00720,101.00
113R00724,215.00
113R00721,101.00
113R00725,215.00
16200800,77.00
16200500,242.00
16200600,242.00
16200700,216.00
106R00675,67.40
106R00672,241.00
106R00673,241.00
106R00674,241.00
106R01391,100.00
106R01403,164.00
106R01388,108.00
106R01400,188.00
106R01389,108.00
106R01401,188.00
106R01390,108.00
106R01402,188.00
106R01085,98.00
106R01082,239.00
106R01083,239.00
106R01084,239.00
106R01147,120.00
106R01144,302.00
106R01145,302.00
106R01146,302.00
106R01217,145.00
106R01221,175.00
106R01214,198.00
106R01218,290.00
106R01215,198.00
106R01219,290.00
106R01216,198.00
106R01220,290.00
106R01604,91.00
106R01598,48.80
106R01601,85.40
106R01599,48.80
106R01602,85.40
106R01600,48.80
106R01603,85.40
16198000,200.00
16197700,377.00
16197800,370.00
16197900,377.00
106R01080,146.00
106R01150,236.00
106R01077,349.00
106R01151,236.00
106R01078,349.00
106R01152,236.00
106R01079,349.00
106R01446,327.00
106R01440,308.00
106R01443,390.00
106R01441,308.00
106R01444,390.00
106R01442,308.00
106R01445,390.00
16188200,59.20
16194700,91.20
16194400,225.00
16194500,225.00
16194600,225.00
106R00652,165.00
106R00653,351.00
106R00654,351.00
106R00655,351.00
106R01163,133.00
106R01160,338.00
106R01161,338.00
106R01162,338.00
108R00593,190.50
16199400,208.90
113R00671,107.00
113R00762,244.00
113R00670,317.00
013R00623,303.00
101R00203,168.00
108R00580,125.00
109R00784,104.00
109R00783,153.00
675K39611,327.00
109R00049,659.00
108R00601,474.00
108R00718,377.00
108R00772,318.00
109R00732,560.00
108R00675,112.00
108R00676,155.00
113R00736,157.00
673S50215,256.00
673S50212,140.00
101R00432,88.00
013R00589,177.00
013R00577,167.00
113R00663,138.00
101R00023,201.00
108R00721,243.00
108R00691,174.00
108R00868,80.50
16201200,339.00
108R00591,302.00
108R00645,319.00
16199600,199.00
16199700,684.00
108R00650,156.00
108R00697,604.00
108R00647,224.00
108R00648,224.00
108R00649,224.00
108R00861,104.00
108R00581,325.00
108R00713,350.00
109R00487,677.00
109R00522,392.00
16184500,6.30
16188300,1403.00
108R00594,230.00
16200001,231.30
101R00421,257.00
108R00592,50.00
108R00646,87.00
108R00579,177.00
109R00754,42.90
106R00683,23.10
108R00722,14.30
106R01081,29.00
108R00865,46.00
16189100,27.90
108R00575,24.00
109R00736,16.30
115R00036,170.00
115R00056,153.50
16199900,215.00
115R00038,221.00
115R00062,208.00
16188800,265.00
115R00026,293.00
115R00050,285.00
16188600,385.00
001R90054,103.00
115R00070,366.00
108R00840,99.00
108R00837,149.00
108R00838,149.00
108R00839,149.00
013R00653,579.00
013R00646,579.00
113R00608,357.00
113R00623,376.00
013R00579,137.00
013R00655,545.00
013R00656,302.00
013R00624,122.00
013R00611,141.00
013R00663,410.00
013R00664,212.00
013R90144,301.00
013R00559,308.00
013R00602,424.00
013R00603,290.00
101R00435,269.00
113R00755,427.00
101R00434,184.00
113R00607,283.00
113R00673,364.00
013R00657,198.00
013R00660,294.00
013R00659,294.00
013R00658,294.00
013R00636,198.00
013R00647,272.00
013R00662,311.00
113R00307,192.00
113R00619,242.00
113R00277,226.00
006R90284,171.00
006R90269,108.00
006R90302,293.00
006R90203,74.70
006R01238,210.00
006R01374,226.00
006R90268,168.00
006R60387,32.70
006R01185,94.10
006R01379,84.20
006R01380,134.00
006R01381,134.00
006R01382,134.00
006R01529,84.90
006R01532,144.00
006R01531,144.00
006R01530,144.00
006R90321,437.00
006R90280,328.00
006R90281,328.00
006R90282,328.00
006R90283,328.00
006R01122,80.20
006R01123,149.00
006R01124,149.00
006R01125,149.00
006R01449,212.00
006R01452,282.00
006R01451,282.00
006R01450,282.00
006R01046,163.00
106R01305,113.00
006R01319,84.90
006R01273,92.20
006R01272,92.20
006R01271,94.80
006R01240,69.30
006R01241,187.00
006R01242,187.00
006R01243,187.00
006R01153,176.00
006R01154,275.00
006R01155,275.00
006R01156,275.00
106R01410,184.00
106R01413,92.00
006R01461,72.75
006R01464,119.00
006R01463,119.00
006R01462,119.00
006R01175,119.00
006R01176,136.00
006R01177,136.00
006R01178,136.00
006R01399,129.00
006R01402,143.00
006R01401,143.00
006R01400,143.00
006R01517,106.00
006R01520,134.00
006R01519,134.00
006R01518,134.00
006R01403,184.00
006R01404,224.00
006R01405,224.00
006R01406,224.00
006R01182,135.80
006R01237,130.00
006R01146,266.00
008R13089,36.80
641S00777,36.80
008R13014,47.70
008R12903,53.00
008R12964,76.90
008R12925,172.00
008R13041,258.00
008R13085,188.00
108R00976,184.00
008R12990,31.10
008R12896,21.20
013R00630,56.60
013R00650,57.80
108R00493,79.20
005R00178,173.00
005R00310,268.00
005R00704,65.20
001R00610,231.00
113R00651,81.40
113R00710,48.10
113R00717,56.60
008R13036,87.30
008R13021,60.60
008R13061,64.30
008R12915,102.00
008R12941,113.00
008R12897,100.00
008R13033,218.00
008R13034,218.00
008R01296,80.00
008R12898,148.00
008R12912,122.00
001R00613,59.50
001R00600,77.20
008R13086,87.70
008R13064,361.00
001R00552,712.00
001R00574,2278.00
001R00583,943.00
001R00596,772.00
001R00535,1836.00
013R00588,156.00
008R90163,113.00
008R04004,65.10
008R07982,25.00
008R12934,416.00
008R13065,820.00
008R12989,573.00
008R13039,785.00
109R00334,564.00
109R00519,603.00
008R13088,347.00
008R13028,423.00
008R13063,729.00
604K62220,1316.00
604K62230,901.00
109R00634,368.00
109R00724,588.00
109R00751,382.00
109R00772,617.00
